concept,change_pct,main_inflow,date
AI应用,2026 年五大 GEO 优化公司实力榜单深度拆解技术底座与交付能力,--,2026-04-01
2025年报预增,概念新服|新建“2025年报预增”概念指数,--,2026-04-01
2025三季报预增,概念新服|新建“2025三季报预增”概念指数,--,2026-04-01
雅下水电概念,0.2% VS 24.1%！电动挖掘机市场何时追上电动装载机步伐？,--,2026-04-01
中国AI 50,2000万人围观，React大佬开源神作“干翻”前端！速度飙500倍，狂揽2.8万颗星,--,2026-04-01
兵装重组概念,兵装重组概念板块直线拉升，湖南天雁涨停,--,2026-04-01
DeepSeek概念,DeepSeek又崩了！今晚快评：AI宕机、地铁故障：新型基础设施，都是民生都要稳住,--,2026-04-01
AI智能体,彩讯股份拟收购基智智能，加码布局Voice AI Agent赛道,--,2026-04-01
小红书概念,从盲盒到小家电，泡泡玛特想把“情绪”做成更高频的商品,--,2026-04-01
同花顺新质50,金扁鹊中医新质生产力论坛暨2026金扁鹊中医百强榜发布会,--,2026-04-01
